label	color
121	0.0
1210	0.32
1211	0.5
1212	0.4857142857142857
1213	0.6486486486486487
1214	0.7368421052631579
1215	0.6111111111111112
1216	0.5555555555555556
1217	0.8
1218	0.7272727272727273
1219	0.3333333333333333
122	0.0
1220	0.4
1221	0.3333333333333333
1222	0.6666666666666666
1224	1.0
1225	0.5
123	0.125
1230	1.0
124	0.0
125	0.0
126	0.07142857142857142
127	0.09302325581395349
128	0.24074074074074073
129	0.17391304347826086
